time,latitude,longitude,depth,mag,magType,nst,gap,dmin,rms,net,id,updated,place,type,horizontalError,depthError,magError,magNst,status,locationSource,magSource
2021-03-17T12:38:06.050Z,19.5063323974609,-155.661331176758,6.03999996185303,2.42,ml,19,93,,0.200000003,hv,hv72386907,2021-03-17T12:43:36.970Z,"22 km ENE of Honaunau-Napoopoo, Hawaii",earthquake,0.42,0.75999999,1.56,3,automatic,hv,hv
2021-03-17T12:32:16.628Z,54.5701,163.0565,10,4.9,mb,,106,3.038,0.79,us,us7000dk9g,2021-03-17T12:50:40.040Z,"188 km S of Ust’-Kamchatsk Staryy, Russia",earthquake,8.4,1.8,0.081,48,reviewed,us,us
2021-03-17T11:53:05.980Z,37.4459991,-121.7851639,3.34,1.47,md,19,63,0.01286,0.05,nc,nc73538400,2021-03-17T12:08:06.410Z,"10km NNE of Alum Rock, CA",earthquake,0.21,0.32,0.15,14,automatic,nc,nc
2021-03-17T11:36:27.640Z,47.7729988098145,-120.086334228516,-0.569999992847443,2.5,md,12,54,,0.0700000003,uw,uw61718481,2021-03-17T11:39:38.650Z,"8 km WSW of Chelan Falls, Washington",earthquake,0.32,10.1499996,0.310000002,6,automatic,uw,uw
2021-03-17T11:23:20.740Z,35.9841667,-117.438,0.5,0.94,ml,12,212,0.08448,0.13,ci,ci39582183,2021-03-17T11:27:06.820Z,"24km N of Searles Valley, CA",earthquake,0.79,0.57,0.183,10,automatic,ci,ci
2021-03-17T11:14:49.399Z,65.902,-150.9303,16.6,1.1,ml,,,,0.74,ak,ak0213hvh90r,2021-03-17T11:50:51.934Z,"56 km NW of Rampart, Alaska",earthquake,,0.3,,,automatic,ak,ak
2021-03-17T11:06:39.390Z,19.19,-155.456333333333,35.47,1.69,md,15,123,,0.1,hv,hv72386817,2021-03-17T11:29:48.760Z,"2 km ESE of Pāhala, Hawaii",earthquake,0.72,0.89,0.0564675728170365,7,reviewed,hv,hv
2021-03-17T11:03:11.300Z,38.8414993,-122.817337,1.33,0.86,md,15,74,0.01395,0.01,nc,nc73538395,2021-03-17T12:46:05.647Z,"8km WNW of Cobb, CA",earthquake,0.25,0.63,,1,automatic,nc,nc
2021-03-17T10:57:32.420Z,33.492,-116.7921667,4.37,0.62,ml,28,35,0.02144,0.16,ci,ci39582175,2021-03-17T11:01:10.020Z,"9km NE of Aguanga, CA",earthquake,0.21,0.48,0.135,18,automatic,ci,ci
2021-03-17T10:56:53.290Z,17.9478,-66.9495,9,2.82,md,17,211,0.0754,0.13,pr,pr2021076005,2021-03-17T11:38:49.982Z,"5 km WSW of Guánica, Puerto Rico",earthquake,0.49,0.48,0.07,8,reviewed,pr,pr
2021-03-17T10:47:23.450Z,19.4381666666667,-155.610666666667,-0.2,0.82,md,13,96,,0.11,hv,hv72386802,2021-03-17T11:11:23.360Z,"26 km E of Honaunau-Napoopoo, Hawaii",earthquake,0.35,0.4,0.114497906724227,8,reviewed,hv,hv
2021-03-17T10:46:18.160Z,32.9438333,-116.2703333,8.18,1.27,ml,40,58,0.02979,0.23,ci,ci39582167,2021-03-17T10:57:26.120Z,"26km SSW of Ocotillo Wells, CA",earthquake,0.31,0.74,0.231,27,automatic,ci,ci
2021-03-17T10:44:24.040Z,19.4226666666667,-155.608333333333,-1.5,0.74,md,13,90,,0.11,hv,hv72386797,2021-03-17T11:11:15.820Z,"27 km E of Honaunau-Napoopoo, Hawaii",earthquake,0.26,0.37,0.120018138866366,8,reviewed,hv,hv
2021-03-17T10:41:47.085Z,61.2701,-146.8396,11,1.4,ml,,,,0.29,ak,ak0213hv1lkl,2021-03-17T10:49:14.758Z,"30 km WNW of Valdez, Alaska",earthquake,,0.5,,,automatic,ak,ak
2021-03-17T10:38:21.720Z,19.4153333333333,-155.633333333333,0.3,1.12,md,23,118,,0.11,hv,hv72386792,2021-03-17T11:04:45.360Z,"24 km E of Honaunau-Napoopoo, Hawaii",earthquake,0.37,0.41,0.117928049035502,10,reviewed,hv,hv
2021-03-17T10:37:19.150Z,19.4373333333333,-155.6165,-0.04,0.78,md,12,101,,0.14,hv,hv72386787,2021-03-17T10:56:19.300Z,"26 km E of Honaunau-Napoopoo, Hawaii",earthquake,0.48,0.68,0.140040017428447,8,reviewed,hv,hv
2021-03-17T10:36:10.149Z,60.277,-141.732,36.9,1.8,ml,,,,1.37,ak,ak0213hv0g52,2021-03-17T10:38:52.113Z,"138 km NW of Yakutat, Alaska",earthquake,,1.6,,,automatic,ak,ak
2021-03-17T10:36:03.284Z,62.8329,-148.9024,54.8,2.2,ml,,,,0.57,ak,ak0213hv0fl7,2021-03-17T10:49:14.605Z,"62 km S of Cantwell, Alaska",earthquake,,0.6,,,automatic,ak,ak
2021-03-17T10:35:24.092Z,58.2294,-137.8969,9,3.5,ml,,,,0.94,ak,ak0213hv09go,2021-03-17T11:09:26.040Z,"91 km W of Elfin Cove, Alaska",earthquake,,0.9,,,automatic,ak,ak
2021-03-17T10:34:23.580Z,19.2276668548584,-155.379501342773,33.5999984741211,2.02999997,md,47,152,,0.119999997,hv,hv72386782,2021-03-17T10:37:41.050Z,"Island of Hawaii, Hawaii",earthquake,0.49,0.660000026,1.39999998,14,automatic,hv,hv
2021-03-17T10:32:08.440Z,38.8056679,-122.7723312,0.11,0.7,md,10,78,0.01,0.03,nc,nc73538385,2021-03-17T12:47:07.654Z,"3km NNW of The Geysers, CA",earthquake,0.24,0.58,0.15,2,automatic,nc,nc
2021-03-17T10:25:19.990Z,19.172,-155.475166666667,32.6,3.22,md,56,77,,0.1,hv,hv72386777,2021-03-17T12:26:48.161Z,"3 km S of Pāhala, Hawaii",earthquake,0.41,0.56,0.116816696283232,24,reviewed,hv,hv
2021-03-17T10:25:07.850Z,19.4198333333333,-155.613,-0.35,0.68,md,11,96,,0.1,hv,hv72386772,2021-03-17T12:17:30.991Z,"26 km E of Honaunau-Napoopoo, Hawaii",earthquake,0.31,0.44,0.0748397716212557,6,reviewed,hv,hv
2021-03-17T10:24:59.924Z,54.6769,162.8835,10,4.6,mb,,105,3.005,0.69,us,us7000dk6e,2021-03-17T11:01:59.040Z,"174 km S of Ust’-Kamchatsk Staryy, Russia",earthquake,8.2,1.9,0.059,87,reviewed,us,us
2021-03-17T10:18:55.470Z,33.152,-116.5036667,6.97,0.8,ml,28,141,0.1059,0.17,ci,ci39582159,2021-03-17T10:22:42.420Z,"12km NE of Julian, CA",earthquake,0.36,0.99,0.221,16,automatic,ci,ci
2021-03-17T10:17:35.090Z,17.9181,-66.8078,11,3.05,md,22,198,0.0914,0.29,pr,pr2021076004,2021-03-17T10:33:10.600Z,"8 km S of Indios, Puerto Rico",earthquake,0.9,0.59,0.19,11,reviewed,pr,pr
2021-03-17T10:15:39.260Z,38.8303337,-122.814003,1.81,0.85,md,20,54,0.007578,0.01,nc,nc73538380,2021-03-17T12:22:06.499Z,"8km NW of The Geysers, CA",earthquake,0.22,0.39,,1,automatic,nc,nc
2021-03-17T09:58:54.183Z,16.47,121.1987,38.39,4.7,mb,,87,6.315,0.49,us,us7000dk6a,2021-03-17T11:26:49.677Z,"3 km WSW of Buliwao, Philippines",earthquake,9.2,7.9,0.06,83,reviewed,us,us
2021-03-17T09:52:05.290Z,35.9608333,-117.6616667,4,0.99,ml,13,99,0.01582,0.12,ci,ci39582151,2021-03-17T09:55:45.326Z,"22km E of Little Lake, CA",earthquake,0.24,0.39,0.131,13,automatic,ci,ci
2021-03-17T09:49:28.537Z,54.94,162.7295,10,4.6,mb,,123,3.08,0.6,us,us7000dk62,2021-03-17T10:12:32.040Z,"144 km S of Ust’-Kamchatsk Staryy, Russia",earthquake,5.4,1.9,0.06,82,reviewed,us,us
2021-03-17T09:45:49.010Z,39.09,-118.5405,1.6,1.2,ml,9,126.37,0.322,0.23,nn,nn00802785,2021-03-17T11:40:28.424Z,"28 km ENE of Schurz, Nevada",earthquake,,17.8,,,automatic,nn,nn
2021-03-17T09:44:28.220Z,19.6688333333333,-156.138833333333,38.82,2.28,md,45,262,,0.13,hv,hv72386747,2021-03-17T11:44:30.300Z,"14 km WNW of Kailua-Kona, Hawaii",earthquake,0.7,0.85,0.126405347864868,23,reviewed,hv,hv
2021-03-17T09:43:50.562Z,62.1082,-145.6389,20.1,1.5,ml,,,,0.72,ak,ak0213huglm0,2021-03-17T09:47:36.375Z,"4 km W of Glennallen, Alaska",earthquake,,0.3,,,automatic,ak,ak
2021-03-17T09:42:38.580Z,34.1263333,-117.479,3.47,0.97,ml,14,64,0.07872,0.27,ci,ci39582143,2021-03-17T09:46:27.177Z,"4km NNW of Fontana, CA",earthquake,0.67,1.98,0.257,22,automatic,ci,ci
2021-03-17T09:31:08.568Z,61.9183,-150.9432,65.3,1.8,ml,,,,0.54,ak,ak0213hudxtk,2021-03-17T09:47:36.222Z,"25 km ESE of Skwentna, Alaska",earthquake,,0.7,,,automatic,ak,ak
2021-03-17T09:30:56.430Z,38.1878,-118.05,8.9,0.8,ml,13,128.33,0.023,0.08,nn,nn00802784,2021-03-17T09:47:28.456Z,"23 km SSE of Mina, Nevada",earthquake,,1.8,,,automatic,nn,nn
2021-03-17T09:28:40.810Z,59.8055,-152.6805,81.2,1.1,ml,,,,0.5,ak,ak0213hudd5i,2021-03-17T09:32:23.406Z,"47 km W of Anchor Point, Alaska",earthquake,,0.5,,,automatic,ak,ak
2021-03-17T09:28:38.786Z,65.2475,-149.8309,15.4,1.1,ml,,,,0.61,ak,ak0213hudd0m,2021-03-17T09:34:04.054Z,"24 km WNW of Minto, Alaska",earthquake,,0.4,,,automatic,ak,ak
2021-03-17T09:27:57.282Z,63.2,-149.7877,90,1.5,ml,,,,0.79,ak,ak0213hud6p8,2021-03-17T09:30:42.927Z,"47 km WSW of Cantwell, Alaska",earthquake,,0.8,,,automatic,ak,ak
2021-03-17T09:20:55.689Z,57.7104,-152.9303,61.3,2,ml,,,,0.58,ak,ak0213hubolj,2021-03-17T09:34:03.902Z,"15 km WNW of Womens Bay, Alaska",earthquake,,0.8,,,automatic,ak,ak
2021-03-17T09:14:18.845Z,58.721,-153.0358,54.8,2.1,ml,,,,0.42,ak,ak0213huabfy,2021-03-17T09:26:45.040Z,"73 km N of Aleneva, Alaska",earthquake,,0.6,,,automatic,ak,ak
2021-03-17T09:14:11.520Z,19.4028333333333,-155.251166666667,18.96,1.31,md,31,65,,0.11,hv,hv72386717,2021-03-17T11:21:46.930Z,"4 km SSW of Volcano, Hawaii",earthquake,0.34,0.49,0.170491649037381,16,reviewed,hv,hv
2021-03-17T09:12:11.810Z,35.6673333,-117.4646667,1.58,0.83,ml,11,169,0.08068,0.15,ci,ci39582135,2021-03-17T09:16:00.507Z,"12km SSW of Searles Valley, CA",earthquake,0.44,0.78,0.128,9,automatic,ci,ci
2021-03-17T09:03:11.680Z,38.8334999,-122.8081665,2.14,0.85,md,14,58,0.0102,0.01,nc,nc73538370,2021-03-17T11:30:07.149Z,"8km W of Cobb, CA",earthquake,0.28,0.59,,1,automatic,nc,nc
2021-03-17T08:57:57.584Z,60.8938,-152.4871,127.6,1.3,ml,,,,0.59,ak,ak0213hty6m2,2021-03-17T09:04:49.416Z,"69 km WNW of Nikiski, Alaska",earthquake,,1,,,automatic,ak,ak
2021-03-17T08:53:02.800Z,34.1355,-117.4603333,3.87,1.19,ml,36,49,0.06315,0.2,ci,ci39582127,2021-03-17T08:56:36.729Z,"4km N of Fontana, CA",earthquake,0.27,0.86,0.243,29,automatic,ci,ci
2021-03-17T08:39:28.590Z,36.2103348,-120.7764969,5.19,1.91,md,9,138,0.1807,0.12,nc,nc73538365,2021-03-17T11:05:07.987Z,"24km ENE of San Lucas, CA",earthquake,0.75,2.91,0.03,3,automatic,nc,nc
2021-03-17T08:33:35.090Z,35.6553333,-117.5228333,9.3,0.6,ml,10,147,0.0846,0.12,ci,ci39582119,2021-03-17T08:37:14.708Z,"14km ENE of Ridgecrest, CA",earthquake,0.47,1.23,0.111,6,automatic,ci,ci
2021-03-17T08:31:38.450Z,36.6481667,-121.260498,4.33,1.71,md,15,139,0.05695,0.06,nc,nc73538355,2021-03-17T10:12:07.693Z,"17km SSE of Tres Pinos, CA",earthquake,0.42,1.31,0.28,12,automatic,nc,nc
2021-03-17T08:28:49.586Z,37.6751,141.7627,56.13,5,mww,,51,3.057,0.98,us,us7000dk52,2021-03-17T09:50:29.214Z,"70 km ENE of Namie, Japan",earthquake,7.2,6,0.093,11,reviewed,us,us
2021-03-17T08:14:51.670Z,19.218334197998,-155.379165649414,32.4199981689453,2.68,ml,52,156,,0.140000001,hv,hv72386657,2021-03-17T08:52:47.040Z,"10 km E of Pāhala, Hawaii",earthquake,0.49,0.689999998,3.17,34,automatic,hv,hv
2021-03-17T08:14:10.150Z,38.1145,-118.395,3.7,1.1,ml,8,95.07,0.152,0.08,nn,nn00802783,2021-03-17T09:32:28.048Z,"33 km NNE of Benton, California",earthquake,,3,,,automatic,nn,nn
2021-03-17T08:08:37.460Z,38.1413,-118.4397,12.2,1.2,ml,9,94.88,0.155,0.15,nn,nn00802782,2021-03-17T08:15:27.958Z,"35 km N of Benton, California",earthquake,,1.8,,,automatic,nn,nn
2021-03-17T08:08:18.190Z,19.1900005340576,-155.452667236328,35,2.01999998,md,28,165,,0.119999997,hv,hv72386652,2021-03-17T08:11:32.770Z,"3 km ESE of Pāhala, Hawaii",earthquake,0.73,1.09000003,0.670000017,3,automatic,hv,hv
2021-03-17T08:05:42.820Z,36.6308327,-121.2689972,6.14,1.42,md,7,99,0.0418,0.16,nc,nc73538350,2021-03-17T09:47:07.533Z,"16km NW of Pinnacles, CA",earthquake,0.81,1.6,0.39,5,automatic,nc,nc
2021-03-17T08:00:37.791Z,59.9922,-152.1884,60.8,1.2,ml,,,,0.37,ak,ak0213htlxab,2021-03-17T08:05:32.485Z,"25 km W of Happy Valley, Alaska",earthquake,,0.8,,,automatic,ak,ak
2021-03-17T07:59:18.592Z,64.4622,-149.2794,5.9,1,ml,,,,0.56,ak,ak0213htd3fr,2021-03-17T08:11:43.310Z,"13 km NNW of Anderson, Alaska",earthquake,,1.3,,,automatic,ak,ak
2021-03-17T07:57:34.700Z,35.8575,-117.6626667,9.61,0.48,ml,7,96,0.06738,0.23,ci,ci39582111,2021-03-17T08:01:19.341Z,"24km ESE of Little Lake, CA",earthquake,0.85,2.03,0.102,5,automatic,ci,ci
2021-03-17T07:47:28.050Z,17.9215,-66.8156,13,2.58,md,19,197,0.2336,0.14,pr,pr2021076003,2021-03-17T08:31:36.702Z,"Puerto Rico region",earthquake,0.51,0.3,0.12,10,reviewed,pr,pr
2021-03-17T07:30:46.539Z,64.6195,-147.6567,5.6,1.5,ml,,,,0.5,ak,ak0213ht6xu7,2021-03-17T08:02:11.565Z,"20 km SW of North Pole, Alaska",earthquake,,0.2,,,automatic,ak,ak
2021-03-17T07:28:53.199Z,64.0881,-148.42,10,1.4,ml,,,,0.46,ak,ak0213ht6ixa,2021-03-17T07:34:57.889Z,"34 km ENE of Ferry, Alaska",earthquake,,0.3,,,automatic,ak,ak
2021-03-17T07:26:05.960Z,38.8400002,-122.8205032,0.94,0.86,md,13,75,0.01179,0.01,nc,nc73538345,2021-03-17T09:21:08.362Z,"9km WNW of Cobb, CA",earthquake,0.24,0.62,,1,automatic,nc,nc
2021-03-17T07:07:15.210Z,38.8175011,-122.8081665,2.99,0.84,md,12,71,0.006071,0.01,nc,nc73538340,2021-03-17T08:56:07.203Z,"6km NW of The Geysers, CA",earthquake,0.37,0.9,,1,automatic,nc,nc
2021-03-17T06:56:42.270Z,34.0271667,-117.8011667,17.89,0.84,ml,9,130,0.1644,0.31,ci,ci39582095,2021-03-17T07:00:30.020Z,"1km E of Diamond Bar, CA",earthquake,1.05,3.4,0.185,14,automatic,ci,ci
2021-03-17T06:55:14.820Z,38.8208351,-122.8099976,3.34,0.35,md,8,100,0.002557,0.01,nc,nc73538335,2021-03-17T08:30:07.060Z,"7km NW of The Geysers, CA",earthquake,0.82,1.5,,1,automatic,nc,nc
2021-03-17T06:54:20.680Z,38.8186684,-122.8085022,3.15,1.24,md,30,49,0.004877,0.02,nc,nc73538330,2021-03-17T08:03:07.891Z,"6km NW of The Geysers, CA",earthquake,0.21,0.4,0.25,5,automatic,nc,nc
2021-03-17T06:51:59.576Z,31.06348282,-103.3289229,5.128955078,2.7,ml,20,70,0.05468356829,0.3,tx,tx2021fhoi,2021-03-17T07:26:17.040Z,"western Texas",earthquake,0.9689659637,1.082286339,0.2,11,reviewed,tx,tx
2021-03-17T06:44:19.560Z,19.1711673736572,-155.479507446289,32.5400009155273,2.26,ml,34,86,,0.150000006,hv,hv72386567,2021-03-17T06:49:50.550Z,"3 km S of Pāhala, Hawaii",earthquake,0.53,0.850000024,4.39,5,automatic,hv,hv
2021-03-17T06:35:08.540Z,38.1508,-118.0695,5.6,1.1,ml,13,92.19,0.022,0.04,nn,nn00802778,2021-03-17T06:38:28.317Z,"26 km S of Mina, Nevada",earthquake,,1.3,,,automatic,nn,nn
2021-03-17T06:27:17.574Z,44.4511,80.9258,10,4.5,mb,,72,1.531,0.55,us,us7000dk4f,2021-03-17T07:35:43.040Z,"44 km N of Huocheng, China",earthquake,5.6,1.8,0.101,29,reviewed,us,us
2021-03-17T06:11:32.980Z,34.1335,-117.4561667,5.2,0.79,ml,13,149,0.07573,0.09,ci,ci39582079,2021-03-17T06:15:19.846Z,"4km N of Fontana, CA",earthquake,0.32,0.41,0.195,18,automatic,ci,ci
2021-03-17T06:08:19.330Z,38.1647,-117.9725,3.6,1.3,ml,12,79.75,0.031,0.13,nn,nn00802775,2021-03-17T06:36:08.806Z,"27 km SSE of Mina, Nevada",earthquake,,0.6,,,automatic,nn,nn
2021-03-17T06:01:07.520Z,36.5673332,-121.1448364,6.41,2.02,md,15,142,0.08547,0.1,nc,nc73538320,2021-03-17T07:11:07.549Z,"4km N of Pinnacles, CA",earthquake,0.41,1.42,0.22,17,automatic,nc,nc
2021-03-17T05:26:48.940Z,34.0651665,-117.2568359,12.33,1.37,ml,50,66,0.04557,0.17,ci,ci39582063,2021-03-17T05:37:26.660Z,"2km NNE of Loma Linda, CA",earthquake,0.25,0.58,0.189,8,automatic,ci,ci
2021-03-17T05:25:10.630Z,35.6606667,-117.5641667,2.15,1.84,ml,24,85,0.1113,0.19,ci,ci39582055,2021-03-17T05:36:23.990Z,"11km ENE of Ridgecrest, CA",earthquake,0.29,0.87,0.145,26,automatic,ci,ci
2021-03-17T05:19:12.810Z,19.2418327331543,-155.392333984375,30.9799995422363,2.01999998,md,46,139,,0.129999995,hv,hv72386522,2021-03-17T05:22:19.570Z,"10 km ENE of Pāhala, Hawaii",earthquake,0.53,0.800000012,0.639999986,21,automatic,hv,hv
2021-03-17T05:17:22.330Z,38.1617,-117.8852,8.8,1.4,ml,12,67.49,0.018,0.15,nn,nn00802773,2021-03-17T05:26:08.036Z,"32 km SE of Mina, Nevada",earthquake,,0.8,,,automatic,nn,nn
2021-03-17T05:07:38.380Z,38.1682,-117.9662,4.6,1.4,ml,16,78.79,0.028,0.11,nn,nn00802769,2021-03-17T05:13:08.659Z,"27 km SSE of Mina, Nevada",earthquake,,0.5,,,automatic,nn,nn
2021-03-17T04:42:27.380Z,38.1542,-117.8733,10.5,1.9,ml,19,109.49,0.005,0.11,nn,nn00802767,2021-03-17T05:08:29.430Z,"33 km SE of Mina, Nevada",earthquake,,0.6,,,automatic,nn,nn
2021-03-17T04:33:39.728Z,79.508,2.817,10,4.5,mb,,156,1.816,0.7,us,us7000dk3x,2021-03-17T04:48:35.040Z,"Greenland Sea",earthquake,10.7,2,0.181,9,reviewed,us,us
2021-03-17T04:27:31.370Z,17.9603,-66.7505,10,2.25,md,18,187,0.1662,0.09,pr,pr2021076002,2021-03-17T04:58:24.817Z,"5 km SW of Tallaboa, Puerto Rico",earthquake,0.41,0.38,0.19,15,reviewed,pr,pr
2021-03-17T04:19:28.483Z,31.65958836,-104.3619355,7.288427734,4.5,ml,16,61,0.1187102641,0.3,tx,tx2021fhjh,2021-03-17T08:24:34.820Z,"57 km S of Whites City, New Mexico",earthquake,1.410921572,1.70285189,0.2,10,reviewed,tx,tx
2021-03-17T04:05:06.420Z,35.9715,-117.4028333,2.44,1.19,ml,12,117,0.111,0.11,ci,ci39582023,2021-03-17T04:08:53.023Z,"23km N of Searles Valley, CA",earthquake,0.37,0.71,0.195,14,automatic,ci,ci
2021-03-17T03:46:06.960Z,19.2280006408691,-155.420669555664,33.7299995422363,2.15,ml,50,131,,0.119999997,hv,hv72386442,2021-03-17T03:51:39.110Z,"6 km ENE of Pāhala, Hawaii",earthquake,0.47,0.74000001,4.12,5,automatic,hv,hv
2021-03-17T03:32:42.810Z,33.8026667,-116.8371667,23.47,0.75,ml,13,102,0.04527,0.21,ci,ci39581999,2021-03-17T03:36:24.192Z,"8km NE of Valle Vista, CA",earthquake,0.71,1.81,0.142,21,automatic,ci,ci
2021-03-17T03:21:46.872Z,59.8267,-153.0038,99.3,1.7,ml,,,,0.23,ak,ak0213hqr9m8,2021-03-17T03:32:02.005Z,"62 km E of Pedro Bay, Alaska",earthquake,,0.5,,,automatic,ak,ak
2021-03-17T03:16:34.796Z,54.9048,163.3101,10,4.5,mb,,161,3.336,0.81,us,us7000dk3l,2021-03-17T03:31:53.040Z,"156 km SSE of Ust’-Kamchatsk Staryy, Russia",earthquake,13.5,1.9,0.053,104,reviewed,us,us
2021-03-17T03:09:20.140Z,38.8263321,-122.8059998,1.4,0.73,md,13,72,0.004328,0.01,nc,nc73538290,2021-03-17T03:33:06.722Z,"7km NW of The Geysers, CA",earthquake,0.27,0.54,0.52,2,automatic,nc,nc
2021-03-17T02:46:20.210Z,64.8532,-148.9938,7.1,1.2,ml,,,,0.47,ak,ak0213hqb58l,2021-03-17T03:18:29.983Z,"28 km NNE of Four Mile Road, Alaska",earthquake,,0.9,,,automatic,ak,ak
2021-03-17T02:38:21.060Z,38.1523,-118.0593,6.9,1.2,ml,12,86.43,0.007,0.09,nn,nn00802764,2021-03-17T05:27:10.499Z,"26 km S of Mina, Nevada",earthquake,,0.5,,,automatic,nn,nn
2021-03-17T02:38:09.517Z,64.8377,-154.8138,0,1.6,ml,,,,0.94,ak,ak0213hq9eow,2021-03-17T03:18:29.829Z,"33 km ENE of Ruby, Alaska",earthquake,,0.4,,,automatic,ak,ak
2021-03-17T02:37:29.400Z,36.7132,-115.7405,1.1,0.6,ml,8,303.22,0.259,0.15,nn,nn00802763,2021-03-17T04:06:07.342Z,"17 km NNW of Indian Springs, Nevada",earthquake,,8.5,,,automatic,nn,nn
2021-03-17T02:31:17.250Z,33.4756667,-116.5043333,11.83,0.88,ml,34,58,0.08114,0.15,ci,ci39581983,2021-03-17T02:35:05.258Z,"18km ESE of Anza, CA",earthquake,0.23,0.43,0.143,26,automatic,ci,ci
2021-03-17T02:18:24.840Z,38.1732,-117.9755,2,1,ml,10,112.63,0.026,0.11,nn,nn00802760,2021-03-17T02:30:09.350Z,"26 km SSE of Mina, Nevada",earthquake,,12.5,,,automatic,nn,nn
2021-03-17T02:16:55.190Z,19.1580009460449,-155.458831787109,34.8400001525879,1.86000001,md,30,168,,0.100000001,hv,hv72386327,2021-03-17T02:19:59.480Z,"5 km SSE of Pāhala, Hawaii",earthquake,0.75,1.12,0.930000007,3,automatic,hv,hv
2021-03-17T02:15:13.810Z,38.8253326,-122.807663,1,0.97,md,15,73,0.0027,0.02,nc,nc73538270,2021-03-17T03:00:06.318Z,"7km NW of The Geysers, CA",earthquake,0.23,0.52,0.27,2,automatic,nc,nc
2021-03-17T02:05:38.142Z,-18.319,-177.7553,583.93,4.4,mb,,127,4.004,0.47,us,us7000dk35,2021-03-17T02:23:00.040Z,"Fiji region",earthquake,12.1,6.6,0.086,39,reviewed,us,us
2021-03-17T02:04:59.380Z,37.0255013,-121.4794998,5.8,1.77,md,28,72,0.004026,0.15,nc,nc73538265,2021-03-17T05:01:05.329Z,"8km ENE of Gilroy, CA",earthquake,0.32,0.66,0.19,23,automatic,nc,nc
2021-03-17T02:02:46.250Z,39.3623352,-123.2638321,2.63,1.9,md,11,160,0.07716,0.06,nc,nc73538260,2021-03-17T05:07:07.366Z,"10km ESE of Willits, CA",earthquake,0.4,3.31,0.08,9,automatic,nc,nc
2021-03-17T01:57:00.580Z,19.4764995574951,-155.575836181641,-2.13000011444092,1.89,ml,15,78,,0.360000014,hv,hv72386322,2021-03-17T02:02:30.310Z,"30 km E of Honaunau-Napoopoo, Hawaii",earthquake,0.9,0.709999979,0.11,3,automatic,hv,hv
2021-03-17T01:54:19.340Z,17.9776,-66.8423,16,2.56,md,23,176,0.037,0.16,pr,pr2021076001,2021-03-17T03:27:27.857Z,"3 km SW of Indios, Puerto Rico",earthquake,0.44,0.35,0.18,13,reviewed,pr,pr
2021-03-17T01:32:22.550Z,38.8395004,-122.8111649,1.42,0.85,md,14,53,0.0161,0.03,nc,nc73538250,2021-03-17T02:28:07.110Z,"8km WNW of Cobb, CA",earthquake,0.26,0.47,,1,automatic,nc,nc
2021-03-17T01:29:40.050Z,19.0541,-67.8953,100,3.37,md,19,191,0.7267,0.43,pr,pr2021076000,2021-03-17T02:46:21.533Z,"74 km NE of Punta Cana, Dominican Republic",earthquake,2.029,3.3,0.14,8,reviewed,pr,pr
2021-03-17T01:10:26.700Z,38.8419991,-122.8398361,1.81,0.86,md,18,90,0.004809,0.02,nc,nc73538245,2021-03-17T02:06:04.978Z,"10km NW of The Geysers, CA",earthquake,0.25,0.43,,2,automatic,nc,nc
2021-03-17T01:09:03.735Z,64.8316,-149.0064,16.8,1.1,ml,,,,0.34,ak,ak0213hphqun,2021-03-17T01:15:35.843Z,"26 km NNE of Four Mile Road, Alaska",earthquake,,0.4,,,automatic,ak,ak
2021-03-17T01:02:12.290Z,38.8351669,-122.7904968,1.98,0.86,md,19,64,0.00324,0.02,nc,nc73538240,2021-03-17T01:55:04.880Z,"6km WNW of Cobb, CA",earthquake,0.24,0.42,0.02,3,automatic,nc,nc
2021-03-17T01:01:27.550Z,38.8390007,-122.7896652,1.97,0.46,md,8,129,0.0007938,0.02,nc,nc73538235,2021-03-17T01:44:05.445Z,"6km WNW of Cobb, CA",earthquake,0.47,0.76,0.39,2,automatic,nc,nc
2021-03-17T00:57:22.439Z,-6.3376,154.8824,59.84,5.2,mww,,51,5.887,0.76,us,us7000dk2h,2021-03-17T01:16:47.040Z,"66 km W of Panguna, Papua New Guinea",earthquake,8,6.3,0.098,10,reviewed,us,us
2021-03-17T00:56:17.000Z,36.7750015,-121.1601639,7.54,1.87,md,16,97,0.1056,0.04,nc,nc73538230,2021-03-17T04:40:07.199Z,"14km E of Tres Pinos, CA",earthquake,0.27,0.93,0.18,12,automatic,nc,nc
2021-03-17T00:31:40.460Z,19.1865,-155.449166666667,35.12,1.74,md,12,225,,0.09,hv,hv72386232,2021-03-17T00:47:48.470Z,"3 km ESE of Pāhala, Hawaii",earthquake,0.96,1.13,0.0497634647248035,9,reviewed,hv,hv
2021-03-17T00:21:27.930Z,19.5076666666667,-155.5835,-2.2,0.73,md,11,72,,0.15,hv,hv72386222,2021-03-17T00:39:53.910Z,"30 km E of Honaunau-Napoopoo, Hawaii",earthquake,0.3,0.42,0.081577171437976,6,reviewed,hv,hv
2021-03-17T00:19:18.220Z,19.4648333333333,-155.575333333333,-0.31,0.61,md,10,72,,0.11,hv,hv72386217,2021-03-17T00:39:42.980Z,"30 km E of Honaunau-Napoopoo, Hawaii",earthquake,0.43,0.28,0.14687192180325,7,reviewed,hv,hv
2021-03-17T00:14:53.306Z,55.1247,162.8267,24.5,4.4,mb,,155,3.238,0.83,us,us7000dk24,2021-03-17T01:03:19.040Z,"124 km S of Ust’-Kamchatsk Staryy, Russia",earthquake,13.2,7.4,0.069,61,reviewed,us,us
2021-03-17T00:12:49.950Z,-40.7195,-85.3034,10,5.7,mww,,148,8.748,1.02,us,us7000dk22,2021-03-17T02:15:47.003Z,"West Chile Rise",earthquake,10.9,1.9,0.063,24,reviewed,us,us
2021-03-17T00:11:38.280Z,38.8364983,-122.8184967,1.53,0.36,md,7,71,0.01343,0.01,nc,nc73538225,2021-03-17T00:27:09.043Z,"8km W of Cobb, CA",earthquake,0.43,2.15,,1,automatic,nc,nc
2021-03-17T00:05:01.730Z,34.1368333,-117.4553333,4.62,1.2,ml,32,73,0.06024,0.23,ci,ci39581951,2021-03-17T00:08:49.992Z,"4km N of Fontana, CA",earthquake,0.41,0.88,0.14,28,automatic,ci,ci
2021-03-17T00:04:58.901Z,-1.8138,69.1644,10,5.6,mww,,51,4.462,1.21,us,us7000dk21,2021-03-17T02:07:34.563Z,"Carlsberg Ridge",earthquake,4.8,1.8,0.098,10,reviewed,us,us
2021-03-17T00:02:04.790Z,19.4768333333333,-155.597333333333,-1.18,1.09,md,10,93,,0.16,hv,hv72386177,2021-03-17T00:53:34.200Z,"28 km E of Honaunau-Napoopoo, Hawaii",earthquake,0.49,0.19,0.089255257223277,7,reviewed,hv,hv
2021-03-17T00:02:03.560Z,19.4708333333333,-155.598333333333,-1.35,0.72,md,11,86,,0.13,hv,hv72386172,2021-03-17T00:48:58.410Z,"28 km E of Honaunau-Napoopoo, Hawaii",earthquake,0.44,0.22,0.015550665802455,4,reviewed,hv,hv
2021-03-17T00:01:27.935Z,54.8013,162.9085,10,4.4,mb,,164,3.084,0.65,us,us7000dk20,2021-03-17T03:38:49.040Z,"near the east coast of the Kamchatka Peninsula, Russia",earthquake,6,1.9,0.061,78,reviewed,us,us
2021-03-16T23:55:46.400Z,19.3688333333333,-155.508666666667,8.05,0.98,md,11,89,,0.09,hv,hv72386162,2021-03-17T00:59:23.240Z,"18 km N of Pāhala, Hawaii",earthquake,0.41,0.96,0.0239876045149016,8,reviewed,hv,hv
2021-03-16T23:42:03.586Z,56.3186,-148.6417,12.6,3.1,ml,,,,0.67,ak,ak0213gf8wsz,2021-03-16T23:53:53.281Z,"264 km SE of Chiniak, Alaska",earthquake,,965.9,,,reviewed,ak,ak
2021-03-16T23:31:30.410Z,19.1981658935547,-155.432327270508,35.7000007629395,2.11999989,md,34,141,,0.129999995,hv,hv72386127,2021-03-16T23:34:39.580Z,"4 km E of Pāhala, Hawaii",earthquake,0.62,1.12,0.680000007,15,automatic,hv,hv
2021-03-16T23:31:15.640Z,32.989,-116.4036667,7.89,1.68,ml,56,49,0.09101,0.21,ci,ci39581927,2021-03-16T23:35:15.273Z,"21km ESE of Julian, CA",earthquake,0.23,1.01,0.201,26,automatic,ci,ci
2021-03-16T23:28:32.020Z,19.5071666666667,-155.453333333333,1.3,0.95,md,13,109,,0.17,hv,hv72386112,2021-03-17T01:00:53.950Z,"24 km WNW of Volcano, Hawaii",earthquake,0.36,0.85,0.0748480649088625,6,reviewed,hv,hv
2021-03-16T23:25:00.520Z,35.0348333,-117.6866667,0.26,1.38,ml,22,56,0.1005,0.2,ci,ci39581919,2021-03-16T23:29:06.119Z,"5km NW of Boron, CA",quarry blast,0.44,31.61,0.141,25,automatic,ci,ci
2021-03-16T23:16:40.909Z,64.9942,-147.441,0,1.5,ml,,,,0.78,ak,ak0213gf3ika,2021-03-16T23:19:49.220Z,"9 km ENE of Fox, Alaska",earthquake,,0.6,,,automatic,ak,ak
2021-03-16T23:10:35.400Z,33.6965,-116.782,16.05,1.01,ml,26,69,0.05841,0.19,ci,ci39581911,2021-03-16T23:14:24.684Z,"8km SW of Idyllwild, CA",earthquake,0.37,0.59,0.185,28,automatic,ci,ci
2021-03-16T23:08:41.120Z,19.2038326263428,-155.438003540039,34.0699996948242,2.25999999,md,44,132,,0.129999995,hv,hv72386092,2021-03-16T23:11:52.310Z,"4 km E of Pāhala, Hawaii",earthquake,0.54,0.800000012,1.60000002,22,automatic,hv,hv
2021-03-16T22:29:10.206Z,60.2311,-141.8368,8.4,1.4,ml,,,,0.77,ak,ak0213gekssf,2021-03-16T22:36:34.404Z,"140 km WNW of Yakutat, Alaska",earthquake,,0.2,,,automatic,ak,ak
2021-03-16T22:26:54.120Z,40.4051666,-124.6210022,20.65,2.5,md,23,252,0.2426,0.1,nc,nc73538200,2021-03-17T01:50:07.488Z,"30km WNW of Petrolia, CA",earthquake,1.44,0.61,0.15,10,automatic,nc,nc
2021-03-16T22:25:33.547Z,61.466,-149.8923,32.7,1.2,ml,,,,0.87,ak,ak0213gejztn,2021-03-16T22:32:13.317Z,"7 km SSE of Big Lake, Alaska",earthquake,,0.2,,,automatic,ak,ak
2021-03-16T22:21:03.083Z,58.5854,-153.5942,40.4,2.1,ml,,,,0.88,ak,ak0213gej2iq,2021-03-16T22:33:53.810Z,"70 km NW of Aleneva, Alaska",earthquake,,1.2,,,automatic,ak,ak
2021-03-16T22:15:57.700Z,19.3926666666667,-155.617833333333,-0.6,0.61,md,7,156,,0.13,hv,hv72386072,2021-03-17T00:57:44.690Z,"25 km NW of Pāhala, Hawaii",earthquake,0.45,0.27,0.0492049076947774,4,reviewed,hv,hv
2021-03-16T22:08:50.330Z,33.1321667,-115.9528333,13.34,1.24,ml,13,65,0.1103,0.32,ci,ci39581839,2021-03-16T22:12:23.458Z,"17km E of Ocotillo Wells, CA",earthquake,0.83,2.69,0.155,26,automatic,ci,ci
2021-03-16T22:04:41.477Z,64.8019,-148.977,18.5,2.7,ml,,,,0.71,ak,ak0213gefiem,2021-03-16T22:18:38.331Z,"23 km NNE of Four Mile Road, Alaska",earthquake,,0.2,,,automatic,ak,ak
2021-03-16T22:04:40.338Z,61.0129,-147.1954,20.6,2,ml,,,,0.81,ak,ak0213gefiat,2021-03-16T22:13:47.325Z,"32 km WNW of Tatitlek, Alaska",earthquake,,0.3,,,automatic,ak,ak
2021-03-16T22:02:02.579Z,61.9616,-153.375,12.8,1.7,ml,,,,0.59,ak,ak0213geeztw,2021-03-16T22:12:06.802Z,"103 km W of Skwentna, Alaska",earthquake,,0.6,,,automatic,ak,ak
2021-03-16T22:01:33.341Z,64.7551,-148.1373,0.7,2.1,ml,,,,1.61,ak,ak0213geeu96,2021-03-16T22:09:56.073Z,"11 km SSW of Ester, Alaska",earthquake,,0.5,,,automatic,ak,ak
2021-03-16T22:01:24.352Z,64.795,-149.2597,30.1,2.4,ml,,,,0.73,ak,ak0213geetxv,2021-03-16T23:27:10.178Z,"22 km NNW of Four Mile Road, Alaska",other event,,17.9,,,reviewed,ak,ak
2021-03-16T21:59:27.831Z,46.2223,151.339,92.4,4.8,mb,,100,5.958,1.01,us,us7000dk0m,2021-03-16T22:20:29.040Z,"291 km ENE of Kuril’sk, Russia",earthquake,10.2,7.6,0.038,208,reviewed,us,us
2021-03-16T21:58:15.070Z,19.2175,-155.3865,30.93,1.54,md,12,187,,0.08,hv,hv72386052,2021-03-17T01:09:43.690Z,"9 km E of Pāhala, Hawaii",earthquake,0.92,1.23,0.0266489809862671,8,reviewed,hv,hv
2021-03-16T21:53:45.840Z,46.9711666666667,-122.266333333333,-0.56,1.19,ml,18,277,0.03599,0.14,uw,uw61718406,2021-03-16T22:13:01.240Z,"3 km WSW of Kapowsin, Washington",explosion,0.59,31.61,0.154107130837015,7,reviewed,uw,uw
2021-03-16T21:37:30.780Z,19.1906661987305,-155.445495605469,33.5800018310547,1.85000002,md,35,133,,0.119999997,hv,hv72386027,2021-03-16T21:40:41.070Z,"3 km ESE of Pāhala, Hawaii",earthquake,0.72,0.899999976,0.930000007,10,automatic,hv,hv
2021-03-16T21:34:19.067Z,31.65796815,-104.3638053,6.080151367,3.1,ml,35,61,0.1172579559,0.3,tx,tx2021fgvy,2021-03-16T21:53:29.696Z,"57 km S of Whites City, New Mexico",earthquake,1.159965086,1.142682675,0.2,17,reviewed,tx,tx
2021-03-16T21:29:23.110Z,38.8226662,-122.803833,2.87,0.35,md,7,82,0.004929,0.01,nc,nc73538185,2021-03-16T22:06:05.180Z,"6km NW of The Geysers, CA",earthquake,0.45,1.56,,1,automatic,nc,nc
2021-03-16T21:19:00.729Z,63.1745,-150.5701,122.2,1.9,ml,,,,0.55,ak,ak0213gdx7fd,2021-03-16T21:31:31.126Z,"70 km SE of Denali National Park, Alaska",earthquake,,0.7,,,automatic,ak,ak
2021-03-16T21:17:22.288Z,37.7083,-97.2296,6.17,2.5,mb_lg,,125,0.646,0.33,us,us7000dk0d,2021-03-17T11:58:35.382Z,"3 km NE of Eastborough, Kansas",earthquake,1.9,1.8,0.228,5,reviewed,us,us
2021-03-16T21:16:57.678Z,-21.7516,-179.3472,592.25,4.8,mb,,42,4.677,0.84,us,us7000dk0f,2021-03-16T21:33:59.040Z,"Fiji region",earthquake,11.4,8.8,0.043,167,reviewed,us,us
2021-03-16T21:13:27.410Z,37.4811667,-118.8556667,3.79,0.54,md,7,130,0.1107,0.09,nc,nc73538180,2021-03-17T00:05:04.623Z,"18km WSW of Toms Place, CA",earthquake,1.1,4.88,0.277,7,reviewed,nc,nc
2021-03-16T21:13:10.095Z,62.957,-148.2593,0.9,1.5,ml,,,,0.64,ak,ak0213gdvxtg,2021-03-16T21:17:05.421Z,"59 km SE of Cantwell, Alaska",earthquake,,0.4,,,automatic,ak,ak
2021-03-16T21:12:50.640Z,19.4571666666667,-155.598333333333,-1.32,0.75,md,8,78,,0.11,hv,hv72386002,2021-03-17T01:16:04.670Z,"27 km E of Honaunau-Napoopoo, Hawaii",earthquake,0.34,0.24,0.0708896655523282,6,reviewed,hv,hv
2021-03-16T21:06:34.820Z,19.187,-155.452666666667,34.53,1.75,md,10,240,,0.12,hv,hv72385992,2021-03-17T01:02:45.830Z,"3 km ESE of Pāhala, Hawaii",earthquake,1.17,0.9,0.0301464717388278,6,reviewed,hv,hv
2021-03-16T21:04:47.301Z,35.6204,-115.7266,4.1,1.9,ml,12,298.46,0.95,0.3172,nn,nn00802754,2021-03-17T00:41:50.696Z,"23 km SSW of Sandy Valley, Nevada",earthquake,,2.2,0.15,8,automatic,nn,nn
2021-03-16T21:02:27.580Z,39.0125,-117.559,16.9,1.6,ml,8,202.2,0.378,0.29,nn,nn00802753,2021-03-16T21:06:12.792Z,"35 km ENE of Gabbs, Nevada",earthquake,,15.8,,,automatic,nn,nn
2021-03-16T20:37:31.544Z,57.6085,-155.5731,92.1,2.2,ml,,,,0.53,ak,ak0213gdfp2v,2021-03-16T22:00:09.040Z,"67 km W of Karluk, Alaska",earthquake,,0.4,,,automatic,ak,ak
2021-03-16T20:22:45.390Z,17.9498,-66.6843,7,3.17,md,21,186,0.1214,0.24,pr,pr2021075007,2021-03-17T02:59:46.359Z,"6 km SE of Tallaboa, Puerto Rico",earthquake,0.52,0.29,0.13,17,reviewed,pr,pr
2021-03-16T20:09:54.400Z,35.9968338,-120.8863297,9.46,1.21,md,12,129,0.02807,0.06,nc,nc73538160,2021-03-16T20:27:07.632Z,"3km SSE of San Ardo, CA",earthquake,0.5,0.55,0.07,6,automatic,nc,nc
2021-03-16T19:58:57.490Z,40.751,-112.0525,6.81,0.96,ml,20,55,0.02714,0.15,uu,uu60429422,2021-03-16T20:06:57.070Z,"6 km NE of Magna, Utah",earthquake,0.31,0.71,0.097,2,reviewed,uu,uu
2021-03-16T19:56:28.790Z,36.0973333,-120.1696667,5.71,1.44,md,25,251,0.1295,0.09,nc,nc73538150,2021-03-16T21:23:05.949Z,"11km NNW of Avenal, CA",earthquake,1.05,0.56,0.199,14,reviewed,nc,nc
2021-03-16T19:51:27.411Z,54.7949,163.0443,10,5.4,mww,,43,3.147,0.8,us,us7000djzg,2021-03-17T03:50:01.040Z,"163 km SSE of Ust’-Kamchatsk Staryy, Russia",earthquake,7.2,1.8,0.098,10,reviewed,us,us
2021-03-16T19:50:26.331Z,54.8661,163.1909,10,4.3,mb,,156,3.257,0.86,us,us7000djzi,2021-03-16T21:38:01.040Z,"158 km SSE of Ust’-Kamchatsk Staryy, Russia",earthquake,11.7,1.9,0.056,96,reviewed,us,us
2021-03-16T19:39:07.638Z,-40.1364,-71.4989,188.07,4.4,mb,,115,0.398,0.79,us,us7000djze,2021-03-17T01:29:47.629Z,"12 km W of San Martín de los Andes, Argentina",earthquake,6.5,4.1,0.178,9,reviewed,us,us
2021-03-16T19:33:38.178Z,59.9098,-153.4317,5.6,1.3,ml,,,,0.36,ak,ak0213gctf3t,2021-03-16T19:36:33.792Z,"40 km ENE of Pedro Bay, Alaska",earthquake,,2,,,automatic,ak,ak
2021-03-16T19:33:36.940Z,33.1253333,-117.1851667,4.32,1.66,ml,21,138,0.04654,0.25,ci,ci39581775,2021-03-16T20:17:45.208Z,"3km SW of San Marcos, CA",earthquake,0.93,1.53,0.443,18,automatic,ci,ci
2021-03-16T19:29:52.990Z,34.09,-117.3018333,9.09,1.64,ml,38,63,0.0128,0.21,ci,ci39581767,2021-03-16T20:22:15.880Z,"2km NNE of Colton, CA",earthquake,0.26,0.71,0.167,27,automatic,ci,ci
2021-03-16T19:27:46.115Z,54.6349,163.3279,10,4.6,mb,,125,3.208,1.1,us,us7000djzj,2021-03-16T21:04:57.426Z,"185 km SSE of Ust’-Kamchatsk Staryy, Russia",earthquake,9.3,1.9,0.06,91,reviewed,us,us
2021-03-16T19:27:28.840Z,34.0895,-117.3033333,7.47,1.7,ml,51,24,0.07684,0.19,ci,ci39581759,2021-03-16T21:44:33.570Z,"2km NNE of Colton, CA",earthquake,0.21,0.58,0.142,26,reviewed,ci,ci
2021-03-16T19:26:24.960Z,33.584,-117.5473333,7.71,1.21,ml,20,58,0.02737,0.32,ci,ci39581751,2021-03-16T19:37:03.100Z,"4km ESE of Coto De Caza, CA",earthquake,0.68,1.18,0.197,33,automatic,ci,ci
2021-03-16T19:22:20.260Z,54.9592,162.9277,10,5,mb,,136,3.184,0.93,us,us7000djzb,2021-03-16T19:37:20.040Z,"144 km S of Ust’-Kamchatsk Staryy, Russia",earthquake,9.4,1.9,0.041,188,reviewed,us,us
2021-03-16T19:17:21.440Z,37.524,-118.8316667,8.02,0.56,md,13,127,0.06594,0.03,nc,nc73538140,2021-03-16T20:49:04.745Z,"14km WSW of Toms Place, CA",earthquake,0.44,1.19,0.129,11,reviewed,nc,nc
2021-03-16T19:08:35.263Z,-6.6623,129.6625,155.38,5.1,mb,,31,2.086,0.8,us,us7000djz9,2021-03-16T19:28:31.166Z,"Banda Sea",earthquake,6.5,6.5,0.074,62,reviewed,us,us
2021-03-16T19:02:21.510Z,19.2236671447754,-155.405166625977,31.7399997711182,1.99000001,md,36,143,,0.129999995,hv,hv72385847,2021-03-16T19:05:32.490Z,"8 km ENE of Pāhala, Hawaii",earthquake,0.5,0.800000012,0.829999983,16,automatic,hv,hv
2021-03-16T19:02:09.210Z,45.9993333,-112.4723333,-2,1.84,ml,10,117,0.06,0.14,mb,mb80491944,2021-03-16T19:13:57.780Z,"4 km E of Butte, Montana",quarry blast,0.51,31.61,0.122,10,reviewed,mb,mb
2021-03-16T18:38:22.866Z,54.7018,163.2077,22.06,6.6,mww,,21,3.179,1.16,us,us7000djz6,2021-03-16T20:46:20.692Z,"176 km SSE of Ust’-Kamchatsk Staryy, Russia",earthquake,4.3,4,0.052,36,reviewed,us,us
2021-03-16T18:35:26.560Z,36.6733,-115.9355,2.5,0.4,ml,11,268.01,0.068,0.1223,nn,nn00802724,2021-03-17T02:32:23.243Z,"26 km WNW of Indian Springs, Nevada",earthquake,,2.4,0.27,5,reviewed,nn,nn
2021-03-16T18:32:55.860Z,37.4728333,-118.8421667,5.83,1.54,md,24,73,0.1174,0.05,nc,nc73538130,2021-03-16T22:17:07.239Z,"17km SW of Toms Place, CA",earthquake,0.26,1.28,0.187,24,reviewed,nc,nc
2021-03-16T18:32:00.457Z,59.2887,-153.453,102.8,1.6,ml,,,,0.32,ak,ak0213gc7ovh,2021-03-16T18:38:06.318Z,"66 km ESE of Pope-Vannoy Landing, Alaska",earthquake,,0.4,,,automatic,ak,ak
2021-03-16T18:24:50.948Z,38.1552,-117.9502,11.7,1.4,ml,19,72.13,0.018,0.1686,nn,nn00802722,2021-03-17T02:32:18.911Z,"29 km SSE of Mina, Nevada",earthquake,,0.9,0.23,9,reviewed,nn,nn
2021-03-16T18:21:47.662Z,60.0919,-152.4455,75.7,1.6,ml,,,,0.74,ak,ak0213gc5fmc,2021-03-16T18:26:14.752Z,"42 km WNW of Happy Valley, Alaska",earthquake,,1.3,,,automatic,ak,ak
2021-03-16T18:14:53.690Z,19.4923324584961,-155.580993652344,-2.40000009536743,2.15,ml,31,50,,0.270000011,hv,hv72385802,2021-03-16T18:20:24.170Z,"30 km E of Honaunau-Napoopoo, Hawaii",earthquake,0.35,0.419999987,4.13,8,automatic,hv,hv
2021-03-16T18:14:31.140Z,38.8409996,-122.8235016,1.72,0.63,md,19,66,0.009665,0.02,nc,nc73538125,2021-03-16T18:24:07.098Z,"9km WNW of Cobb, CA",earthquake,0.24,0.48,0.22,3,automatic,nc,nc
2021-03-16T18:08:12.536Z,62.837,-148.837,17.5,-0.2,ml,,,,0.02,ak,ak0213gc2ftt,2021-03-16T19:09:10.621Z,"62 km S of Cantwell, Alaska",earthquake,,5661.1,,,reviewed,ak,ak
2021-03-16T18:07:28.590Z,17.9776,-66.8355,10,2.61,md,23,178,0.0438,0.16,pr,pr2021075006,2021-03-16T20:35:16.040Z,"2 km SW of Indios, Puerto Rico",earthquake,0.36,0.42,0.27,13,reviewed,pr,pr
2021-03-16T17:54:51.058Z,63.1555,-151.0022,14.5,1.1,ml,,,,0.4,ak,ak0213gbr2xd,2021-03-16T17:57:41.411Z,"56 km SE of Denali National Park, Alaska",earthquake,,0.5,,,automatic,ak,ak
2021-03-16T17:45:07.590Z,44.295,-114.9675,3.87,1.86,ml,9,90,0.087,0.22,mb,mb80491934,2021-03-16T18:45:29.110Z,"8 km NNW of Stanley, Idaho",earthquake,0.52,1.97,0.074,13,reviewed,mb,mb
2021-03-16T17:44:53.610Z,38.8221664,-122.8033371,2.77,1.18,md,27,34,0.005404,0.03,nc,nc73538120,2021-03-16T21:10:05.854Z,"6km NW of The Geysers, CA",earthquake,0.2,0.49,0.09,5,automatic,nc,nc
2021-03-16T17:39:46.220Z,37.613,-122.0015,4.28,1.3,md,30,98,0.02977,0.05,nc,nc73538115,2021-03-16T21:11:06.157Z,"2km NE of Union City, CA",earthquake,0.23,0.17,0.06,21,reviewed,nc,nc
2021-03-16T17:37:56.320Z,43.226,-123.267666666667,-0.41,0.18,md,4,114,0.08007,0.06,uw,uw61718291,2021-03-16T18:04:36.370Z,"Oregon",explosion,0.21,31.61,,1,reviewed,uw,uw
2021-03-16T17:28:06.370Z,38.7923317,-122.8051682,3.14,0.25,md,11,79,0.004323,0.02,nc,nc73538110,2021-03-16T19:12:06.346Z,"4km WNW of The Geysers, CA",earthquake,0.42,0.98,0.11,2,automatic,nc,nc
2021-03-16T17:27:21.015Z,59.9635,-151.9966,74.9,1.9,ml,,,,0.41,ak,ak0213gbl89s,2021-03-16T17:40:58.901Z,"14 km W of Happy Valley, Alaska",earthquake,,0.6,,,automatic,ak,ak
2021-03-16T17:24:52.890Z,36.198,-117.8935,2.77,1.27,ml,11,68,0.08613,0.27,ci,ci39581687,2021-03-16T17:28:22.679Z,"14km SE of Olancha, CA",earthquake,0.7,0.97,0.123,13,automatic,ci,ci
2021-03-16T17:10:08.590Z,33.4955,-116.7846667,3.48,0.52,ml,27,56,0.02133,0.13,ci,ci39581671,2021-03-16T17:34:11.832Z,"10km NE of Aguanga, CA",earthquake,0.16,0.43,0.062,8,reviewed,ci,ci
2021-03-16T16:55:57.690Z,37.5475006,-122.4078369,9.05,1.55,md,12,92,0.03602,0.07,nc,nc73535891,2021-03-16T18:59:05.279Z,"4km SW of Hillsborough, CA",earthquake,0.78,1.32,0.21,6,automatic,nc,nc
2021-03-16T16:55:07.190Z,39.4318333,-110.309,-2.66,0.68,md,5,194,0.01467,0.14,uu,uu60429412,2021-03-16T17:55:36.240Z,"14 km SSE of Sunnyside, Utah",earthquake,1.13,0.61,0.288,3,reviewed,uu,uu
2021-03-16T16:52:07.219Z,-7.1658,146.071,185.04,4.4,mb,,72,9.692,0.58,us,us7000djyq,2021-03-16T17:27:31.040Z,"63 km W of Bulolo, Papua New Guinea",earthquake,11.5,8,0.091,35,reviewed,us,us
2021-03-16T16:44:27.236Z,38.1342,-118.0138,1.7,1.6,ml,17,141.3,0.04,0.1062,nn,nn00802716,2021-03-17T02:32:17.630Z,"29 km SSE of Mina, Nevada",earthquake,,0.8,0.22,8,reviewed,nn,nn
2021-03-16T16:42:51.470Z,19.1821670532227,-155.396331787109,36.4599990844727,1.91999996,md,40,165,,0.109999999,hv,hv72385752,2021-03-16T16:46:02.110Z,"8 km ESE of Pāhala, Hawaii",earthquake,0.64,0.899999976,1.91999996,4,automatic,hv,hv
2021-03-16T16:35:01.090Z,38.8083344,-122.7723312,1.87,0.91,md,12,81,0.01251,0.02,nc,nc73535886,2021-03-16T17:06:05.862Z,"4km NNW of The Geysers, CA",earthquake,0.29,0.52,0.23,3,automatic,nc,nc
2021-03-16T16:34:52.550Z,44.4988333,-115.2098333,2.43,1.4,ml,9,121,0.338,0.24,mb,mb80491929,2021-03-16T17:25:56.220Z,"38 km NW of Stanley, Idaho",earthquake,0.65,4.53,0.166,9,reviewed,mb,mb
2021-03-16T16:34:13.253Z,31.72027536,-104.5568917,6.105859375,3.2,ml,42,84,0.0488053167,0.3,tx,tx2021fgma,2021-03-16T17:11:10.040Z,"53 km SSW of Whites City, New Mexico",earthquake,1.694450391,0.7753546665,0.1,25,reviewed,tx,tx
2021-03-16T16:29:57.430Z,34.8005,-118.9363333,13.72,1.42,ml,18,54,0.0371,0.22,ci,ci39581623,2021-03-16T16:33:43.751Z,"3km SSE of Frazier Park, CA",earthquake,0.49,0.76,0.213,19,automatic,ci,ci
2021-03-16T16:23:09.040Z,44.2803333,-115.1846667,9.75,1.74,ml,10,68,0.169,0.28,mb,mb80491924,2021-03-16T17:31:32.470Z,"20 km WNW of Stanley, Idaho",earthquake,0.62,1.2,0.276,9,reviewed,mb,mb
2021-03-16T16:09:41.580Z,33.2065,-115.627,4.78,1.33,ml,7,201,0.0236,0.29,ci,ci37469709,2021-03-16T17:16:24.882Z,"11km WSW of Niland, CA",earthquake,0.94,0.84,0.079,4,reviewed,ci,ci
2021-03-16T16:09:28.250Z,33.1803333,-115.647,5.81,1.48,ml,7,191,0.02068,0.13,ci,ci39581599,2021-03-16T17:11:20.037Z,"14km WSW of Niland, CA",earthquake,0.6,0.4,0.069,4,reviewed,ci,ci
2021-03-16T16:03:37.609Z,38.1297,-117.9963,10.2,1.5,ml,21,140.96,0.031,0.0805,nn,nn00802712,2021-03-17T02:32:16.553Z,"30 km SSE of Mina, Nevada",earthquake,,0.7,0.13,11,reviewed,nn,nn
2021-03-16T15:59:30.280Z,38.8293343,-122.855835,2.14,0.75,md,21,63,0.001962,0.03,nc,nc73535881,2021-03-16T16:34:05.671Z,"10km NW of The Geysers, CA",earthquake,0.22,0.41,0.12,4,automatic,nc,nc
2021-03-16T15:56:41.534Z,-29.4306,-176.4248,11.71,4.8,mb,,134,1.326,0.62,us,us7000djyd,2021-03-16T16:48:01.040Z,"Kermadec Islands region",earthquake,10.1,5.2,0.07,64,reviewed,us,us
2021-03-16T15:49:22.010Z,33.7846667,-116.0243333,0.3,1.24,ml,16,125,0.1323,0.19,ci,ci39581575,2021-03-16T15:53:29.070Z,"18km NE of Coachella, CA",earthquake,0.39,31.61,0.128,27,automatic,ci,ci
2021-03-16T15:48:36.890Z,36.0101667,-117.6096667,3.48,0.13,ml,5,191,0.07037,0.1,ci,ci37469701,2021-03-16T16:37:17.303Z,"28km ENE of Little Lake, CA",earthquake,0.44,1.61,0.172,3,reviewed,ci,ci
2021-03-16T15:48:14.490Z,35.6021667,-117.494,7.83,0.84,ml,10,133,0.03027,0.14,ci,ci39581567,2021-03-16T16:33:24.421Z,"17km E of Ridgecrest, CA",earthquake,0.38,0.83,0.087,5,reviewed,ci,ci
2021-03-16T15:44:11.886Z,31.6156835,-104.4680804,7.288427734,1.7,ml,13,68,0.05988980301,0.3,tx,tx2021fgkj,2021-03-16T19:37:38.978Z,"62 km S of Whites City, New Mexico",earthquake,1.447653051,1.483349321,0.2,6,reviewed,tx,tx
2021-03-16T15:36:09.210Z,44.5566667,-114.6736667,9.72,2.27,ml,14,90,0.409,0.22,mb,mb80491919,2021-03-16T17:39:13.010Z,"35 km W of Challis, Idaho",earthquake,0.91,1.49,0.172,14,reviewed,mb,mb
2021-03-16T15:35:59.850Z,39.4235,-110.3221667,-1.12,1.35,md,7,191,0.00235,0.06,uu,uu60429397,2021-03-16T15:48:53.170Z,"15 km SSE of Sunnyside, Utah",earthquake,0.56,0.13,0.454,4,reviewed,uu,uu
2021-03-16T15:35:37.370Z,19.2064990997314,-155.3681640625,33.2200012207031,2.4,ml,47,162,,0.129999995,hv,hv72385697,2021-03-16T15:41:08.460Z,"11 km E of Pāhala, Hawaii",earthquake,0.56,0.810000002,0.39,4,automatic,hv,hv
2021-03-16T15:25:53.220Z,19.4783333333333,-155.580166666667,-0.75,0.66,md,6,161,,0.05,hv,hv72385687,2021-03-16T18:40:23.500Z,"29 km E of Honaunau-Napoopoo, Hawaii",earthquake,0.52,0.31,0.126149631205743,5,reviewed,hv,hv
2021-03-16T15:24:04.000Z,38.829834,-122.8028336,1.82,0.85,md,11,65,0.008563,0.01,nc,nc73535876,2021-03-16T16:11:04.547Z,"7km W of Cobb, CA",earthquake,0.33,0.66,,1,automatic,nc,nc
2021-03-16T15:17:51.350Z,33.261,-116.7385,6.15,0.65,ml,18,70,0.03018,0.16,ci,ci39581559,2021-03-16T15:21:41.725Z,"3km NE of Lake Henshaw, CA",earthquake,0.35,0.53,0.093,12,automatic,ci,ci
2021-03-16T15:17:09.330Z,44.5006667,-115.2235,7.92,2.29,ml,11,82,0.344,0.19,mb,mb80491909,2021-03-16T15:37:36.230Z,"38 km NW of Stanley, Idaho",earthquake,0.5,0.94,0.202,15,reviewed,mb,mb
2021-03-16T15:16:33.999Z,58.2734,-156.0099,146.8,1.6,ml,,,,0.59,ak,ak0213gac17i,2021-03-16T15:49:06.693Z,"59 km SE of King Salmon, Alaska",earthquake,,0.6,,,automatic,ak,ak
2021-03-16T15:15:19.770Z,37.6325,-118.8868333,5.19,0.4,md,18,101,0.01428,0.08,nc,nc73535871,2021-03-16T17:17:06.929Z,"8km E of Mammoth Lakes, CA",earthquake,0.37,0.48,0.096,15,reviewed,nc,nc
2021-03-16T15:11:49.722Z,57.5435,-156.4046,62.7,2,ml,,,,0.52,ak,ak0213gab00f,2021-03-16T15:21:43.707Z,"59 km E of Ugashik, Alaska",earthquake,,1,,,automatic,ak,ak
2021-03-16T15:04:07.307Z,64.6729,-151.617,13.3,1.6,ml,,,,0.54,ak,ak0213ga9enm,2021-03-16T15:14:52.520Z,"59 km SW of Manley Hot Springs, Alaska",earthquake,,0.5,,,automatic,ak,ak
2021-03-16T14:56:35.686Z,57.0953,-155.2733,78.2,2,ml,,,,0.89,ak,ak0213g9z6xe,2021-03-16T15:02:50.662Z,"69 km WNW of Akhiok, Alaska",earthquake,,1.2,,,automatic,ak,ak
2021-03-16T14:54:12.936Z,60.1599,-153.056,129,1.7,ml,,,,0.38,ak,ak0213g9yp6c,2021-03-16T15:08:01.401Z,"70 km E of Port Alsworth, Alaska",earthquake,,0.5,,,automatic,ak,ak
2021-03-16T14:47:45.419Z,44.5588,-114.6682,19.82,2.5,ml,,73,0.413,0.48,us,us7000djxu,2021-03-16T17:06:22.040Z,"35 km W of Challis, Idaho",earthquake,2.4,6.5,0.074,24,reviewed,us,us
2021-03-16T14:34:39.325Z,44.5347,-114.6484,20.42,3.6,ml,,60,0.401,0.47,us,us7000djxr,2021-03-17T00:15:08.040Z,"33 km W of Challis, Idaho",earthquake,2.3,7.4,0.038,90,reviewed,us,us
2021-03-16T14:32:27.140Z,33.167,-115.6271667,3.53,1.67,ml,19,55,0.01423,0.21,ci,ci39581535,2021-03-16T14:36:13.619Z,"12km WNW of Calipatria, CA",earthquake,0.41,0.33,0.218,30,automatic,ci,ci
2021-03-16T14:32:00.908Z,23.3277,143.7787,10,4.6,mb,,126,4.02,0.65,us,us7000djxs,2021-03-16T15:07:43.040Z,"Volcano Islands, Japan region",earthquake,11.3,1.9,0.077,50,reviewed,us,us
2021-03-16T14:24:18.070Z,33.6698333,-116.6981667,15.05,0.97,ml,24,49,0.04333,0.24,ci,ci39581527,2021-03-16T14:28:06.118Z,"8km SSE of Idyllwild, CA",earthquake,0.51,0.7,0.3,18,automatic,ci,ci
2021-03-16T14:17:34.400Z,33.1793333,-115.6448333,4.24,1.62,ml,10,140,0.01905,0.11,ci,ci39581503,2021-03-17T00:12:07.478Z,"14km WSW of Niland, CA",earthquake,0.49,0.36,0.296,31,automatic,ci,ci
2021-03-16T14:08:17.050Z,33.2048333,-115.7393333,8.82,1.79,ml,9,122,0.1003,0.18,ci,ci37320004,2021-03-16T23:26:16.475Z,"16km S of Bombay Beach, CA",earthquake,0.6,1.28,,1,reviewed,ci,ci
2021-03-16T14:08:09.790Z,33.1601667,-115.6341667,4.17,1.94,ml,48,33,0.02322,0.19,ci,ci39581487,2021-03-16T23:08:57.095Z,"12km WNW of Calipatria, CA",earthquake,0.16,0.3,0.245,24,reviewed,ci,ci
2021-03-16T13:47:35.040Z,38.8171654,-122.81633,2.36,0.84,md,14,81,0.007911,0.02,nc,nc73535851,2021-03-16T14:26:04.905Z,"7km NW of The Geysers, CA",earthquake,0.32,0.82,,1,automatic,nc,nc
2021-03-16T13:45:50.220Z,33.162,-115.6171667,3.08,1.96,ml,21,58,0.01548,0.34,ci,ci37319996,2021-03-16T22:48:28.256Z,"10km WNW of Calipatria, CA",earthquake,0.41,0.46,0.154,65,reviewed,ci,ci
2021-03-16T13:45:42.260Z,33.1601667,-115.6351667,5.12,1.96,ml,50,31,0.02379,0.2,ci,ci39581471,2021-03-16T21:57:50.630Z,"12km WNW of Calipatria, CA",earthquake,0.2,0.31,0.194,32,reviewed,ci,ci
2021-03-16T13:42:49.560Z,34.0188333,-116.6861667,11.81,1.08,ml,23,128,0.03732,0.07,ci,ci39581463,2021-03-16T21:14:17.922Z,"10km WSW of Morongo Valley, CA",earthquake,0.17,0.42,0.167,18,reviewed,ci,ci
2021-03-16T13:39:37.090Z,33.1651667,-115.63,5.06,2.66,ml,27,54,0.01719,0.18,ci,ci37319988,2021-03-16T21:10:14.326Z,"12km WNW of Calipatria, CA",earthquake,0.25,0.31,0.129,74,reviewed,ci,ci
2021-03-16T13:39:29.490Z,33.1576667,-115.6361667,5.14,2.55,ml,59,25,0.0262,0.21,ci,ci39581455,2021-03-16T21:10:20.939Z,"12km WNW of Calipatria, CA",earthquake,0.19,0.37,0.139,56,reviewed,ci,ci
2021-03-16T13:33:15.078Z,40.0772,-117.7005,12.1,1.9,ml,6,131.7,0.509,0.1246,nn,nn00802707,2021-03-17T02:32:15.314Z,"66 km E of Lovelock, Nevada",earthquake,,3.6,0.45,4,reviewed,nn,nn
2021-03-16T13:30:55.410Z,32.9163333,-116.2673333,11.22,1.09,ml,26,66,0.04874,0.17,ci,ci39581439,2021-03-16T20:39:17.156Z,"27km ENE of Pine Valley, CA",earthquake,0.23,0.52,0.148,13,reviewed,ci,ci
2021-03-16T13:22:03.770Z,33.5971667,-116.8093333,6.68,0.66,ml,21,71,0.03791,0.2,ci,ci39581431,2021-03-16T13:49:17.734Z,"13km WNW of Anza, CA",earthquake,0.41,0.7,0.21,13,reviewed,ci,ci
2021-03-16T13:20:38.830Z,33.5833333,-116.8131667,6.76,2.46,ml,102,14,0.04224,0.19,ci,ci39581423,2021-03-16T20:43:26.360Z,"13km WNW of Anza, CA",earthquake,0.11,0.27,0.172,26,reviewed,ci,ci
2021-03-16T13:20:06.180Z,33.157,-115.6336667,5.18,1.47,ml,20,37,0.0254,0.19,ci,ci39581415,2021-03-16T14:51:31.156Z,"12km WNW of Calipatria, CA",earthquake,0.26,0.36,0.243,14,reviewed,ci,ci
2021-03-16T13:16:17.490Z,37.6241667,-118.8886667,5.01,0.11,md,6,168,0.02106,0.09,nc,nc73535841,2021-03-16T18:34:07.149Z,"8km E of Mammoth Lakes, CA",earthquake,1.06,1.86,0.038,4,reviewed,nc,nc
2021-03-16T13:16:08.846Z,30.1556,86.3879,10,4.6,mb,,145,6.656,0.43,us,us7000djtf,2021-03-16T17:03:22.040Z,"145 km NE of Saga, China",earthquake,7.3,1.8,0.082,47,reviewed,us,us
2021-03-16T13:14:36.390Z,19.1763324737549,-155.457000732422,34.7799987792969,1.88999999,md,46,123,,0.180000007,hv,hv72385582,2021-03-16T13:17:52.960Z,"3 km SE of Pāhala, Hawaii",earthquake,0.56,0.899999976,0.370000005,13,automatic,hv,hv
2021-03-16T13:14:10.567Z,59.8494,-153.3898,115.9,2,ml,,,,0.6,ak,ak0213g94oqs,2021-03-16T13:23:39.907Z,"40 km E of Pedro Bay, Alaska",earthquake,,0.4,,,automatic,ak,ak
2021-03-16T13:10:23.960Z,33.1661667,-115.6363333,3.11,1.87,ml,42,27,0.02048,0.23,ci,ci39581407,2021-03-16T18:45:45.135Z,"12km WNW of Calipatria, CA",earthquake,0.23,0.34,0.214,24,reviewed,ci,ci
2021-03-16T13:05:39.481Z,38.1842,-117.7418,10.6,1.6,ml,22,109.43,0.044,0.1311,nn,nn00802705,2021-03-17T02:32:10.346Z,"39 km SE of Mina, Nevada",earthquake,,0.8,0.35,11,reviewed,nn,nn
2021-03-16T13:01:16.700Z,33.1635,-115.6335,4.43,1.94,ml,37,28,0.02046,0.22,ci,ci39581399,2021-03-16T14:42:24.102Z,"12km WNW of Calipatria, CA",earthquake,0.22,0.38,0.156,36,reviewed,ci,ci
2021-03-16T13:00:30.180Z,36.1618333,-118.0675,2.25,1.78,ml,26,53,0.1039,0.11,ci,ci39581391,2021-03-16T18:35:37.850Z,"14km SSW of Olancha, CA",earthquake,0.15,0.4,0.225,23,reviewed,ci,ci
2021-03-16T12:59:55.806Z,61.7175,-149.8002,41.2,1.2,ml,,,,0.49,ak,ak0213g8szuk,2021-03-16T13:06:17.448Z,"9 km N of Houston, Alaska",earthquake,,0.5,,,automatic,ak,ak
